navn,alder,inntekt,kontor
Marie,30,403279,Stavanger
Fredrik,48,310765,Stavanger
Arne,71,515931,Stavanger
Gunnar,28,436807,Oslo
Martin,41,539709,Oslo
Turid,41,491790,Stavanger
Laila,34,495055,Trondheim
Anna,51,344160,Oslo
Helge,46,451056,Stavanger
Liv,51,676788,Trondheim
Emma,50,647031,Oslo
Heidi,37,607718,Stavanger
Elisabeth,26,401886,Stavanger
Wenche,36,325984,Trondheim
Laila,41,306855,Oslo
Espen,55,357347,Stavanger
Christian,45,371872,Bergen
Erik,63,410085,Stavanger
Kari,40,536215,Stavanger
Ann,38,498858,Trondheim
Helene,48,483229,Trondheim
Eva,43,400596,Oslo
Emma,22,601605,Oslo
Geir,50,465718,Oslo
Øyvind,46,433716,Bergen
Leif,41,490556,Stavanger
Mona,29,428563,Bergen
Rune,45,489147,Bergen
Laila,42,261875,Stavanger
Nina,35,640555,Stavanger
Jon,37,510796,Oslo
Maria,35,444137,Stavanger
Kristine,21,484662,Trondheim
Rune,37,552905,Stavanger
Odd,37,262105,Oslo
Håkon,41,329347,Bergen
Liv,57,411857,Oslo
Silje,48,551959,Oslo
Elin,33,466371,Oslo
Odd,45,473816,Bergen
Berit,34,405391,Trondheim
Anita,38,494095,Stavanger
Kristian,39,486716,Stavanger
Leif,47,433385,Trondheim
Wenche,57,475898,Oslo
Kari,43,615356,Stavanger
Marianne,44,186174,Trondheim
Olav,36,560052,Oslo
Else,36,402118,Stavanger
Wenche,50,219109,Stavanger
Lars,52,444754,Trondheim
Solveig,35,268533,Oslo
Tone,38,430170,Oslo
Frode,40,383701,Oslo
Daniel,46,549796,Stavanger
Martin,66,540137,Trondheim
Emma,42,698027,Stavanger
Thomas,51,599282,Trondheim
Anders,28,400395,Trondheim
Ida,56,685455,Bergen
Nina,49,462678,Bergen
Morten,51,448037,Oslo
Anne,50,480183,Oslo
Linda,60,259749,Oslo
Lars,56,499292,Oslo
Nils,63,286210,Trondheim
Liv,57,410340,Stavanger
Arne,41,356246,Oslo
Laila,40,324009,Trondheim
Hege,37,494658,Stavanger
Espen,52,306808,Oslo
Hans,45,452667,Stavanger
Ole,53,522340,Trondheim
Elin,29,534486,Oslo
Hege,49,242099,Oslo
Andreas,40,285400,Stavanger
Anna,33,483137,Trondheim
Maria,42,307531,Oslo
John,48,380831,Stavanger
Mari,48,440309,Stavanger
Laila,47,555076,Oslo
Bjørg,41,392610,Stavanger
Rolf,38,535147,Oslo
Trond,43,369851,Bergen
Camilla,56,407345,Trondheim
Ellen,50,411845,Stavanger
Tom,42,397066,Stavanger
Ann,36,550866,Trondheim
Odd,42,596209,Stavanger
Jonas,41,376056,Oslo
Øystein,49,403136,Stavanger
Øystein,53,483163,Oslo
Laila,45,634994,Oslo
Turid,63,459566,Oslo
Kari,47,374885,Stavanger
Fredrik,60,472595,Trondheim
Tore,40,321974,Trondheim
Magnus,47,612382,Trondheim
Hans,39,357355,Oslo
Svein,37,609980,Stavanger
Geir,52,534551,Stavanger
Mari,39,384468,Oslo
Linda,46,418143,Trondheim
Marius,79,433874,Oslo
Marit,60,463706,Oslo
Marit,48,618743,Stavanger
Tom,40,553531,Stavanger
Rune,32,416080,Oslo
Tone,46,513591,Oslo
Wenche,35,389869,Stavanger
Inger,49,502349,Trondheim
Tone,50,405705,Stavanger
Jon,45,370891,Oslo
Magnus,51,427570,Stavanger
Morten,52,484072,Stavanger
Monica,47,521596,Oslo
Karin,48,530813,Oslo
Elin,50,477971,Stavanger
Liv,52,525494,Oslo
Else,36,395555,Oslo
Steinar,48,398772,Oslo
Wenche,44,622390,Trondheim
Gunnar,51,427185,Stavanger
Kristian,55,427411,Trondheim
Olav,54,436290,Stavanger
Kristian,63,511340,Stavanger
Anita,39,430338,Stavanger
Aud,34,437276,Stavanger
Helge,64,578834,Trondheim
Espen,26,381429,Stavanger
Ann,49,342442,Oslo
Stian,36,501154,Stavanger
Daniel,54,657062,Oslo
Eirik,49,438019,Stavanger
Erik,58,318957,Oslo
Harald,43,559526,Oslo
Trond,49,378526,Bergen
Stine,56,413625,Oslo
Magnus,24,371037,Stavanger
John,30,386591,Trondheim
Stian,45,388105,Stavanger
Kjell,44,460618,Bergen
Silje,41,419360,Stavanger
Solveig,58,549536,Oslo
Randi,31,370342,Stavanger
Elisabeth,53,592571,Oslo
Harald,26,359445,Oslo
Karin,41,454100,Trondheim
Rune,27,454507,Oslo
Monica,52,438874,Stavanger
Marit,63,538455,Oslo
Helge,37,525499,Stavanger
Stine,68,500731,Oslo
Harald,47,440447,Stavanger
Eva,64,525969,Trondheim
Martin,44,472986,Stavanger
Tone,42,353131,Oslo
Henrik,61,197671,Oslo
Odd,37,552751,Stavanger
Anne,55,370767,Stavanger
Gerd,40,467942,Oslo
Linda,57,453075,Stavanger
Per,25,548053,Stavanger
Gerd,44,500962,Trondheim
Bjørg,55,447737,Trondheim
Lars,55,736061,Trondheim
Kristin,47,299502,Oslo
Inger,34,343486,Stavanger
Camilla,56,382505,Oslo
Gunnar,41,408585,Oslo
Hans,53,340165,Oslo
Fredrik,38,415421,Oslo
Silje,47,481433,Oslo
Frode,31,360447,Trondheim
Laila,60,387094,Oslo
Morten,52,395000,Stavanger
Rune,43,366012,Oslo
Helene,48,385788,Stavanger
John,52,434379,Oslo
Anna,55,445384,Oslo
Else,39,399011,Bergen
Hilde,51,353626,Oslo
Leif,40,461809,Stavanger
Tone,51,651208,Stavanger
Øystein,55,259603,Trondheim
Emma,35,456925,Trondheim
Per,48,546845,Bergen
Nina,58,427022,Stavanger
Knut,45,476226,Stavanger
Elisabeth,49,528006,Bergen
Steinar,52,589180,Stavanger
Elin,38,539768,Stavanger
Emma,36,417006,Oslo
Stian,34,447558,Trondheim
Morten,50,476974,Stavanger
Kristine,70,561530,Trondheim
Øystein,48,438189,Stavanger
Daniel,36,448851,Stavanger
Helge,47,454258,Oslo
Aud,32,433451,Stavanger
Nina,34,452370,Trondheim
Ann,50,432064,Oslo
Mari,55,239620,Oslo
Morten,61,372922,Oslo
Fredrik,52,389692,Stavanger
Håkon,36,426682,Oslo
Marianne,46,434493,Stavanger
Anna,21,428432,Bergen
Mari,40,369585,Bergen
Randi,50,438532,Oslo
Hege,47,577025,Stavanger
Laila,43,481522,Oslo
Gunnar,55,294729,Stavanger
Tore,46,499323,Oslo
Martin,33,359652,Oslo
Harald,43,532120,Oslo
Harald,43,456180,Oslo
Maria,48,515077,Stavanger
Gerd,39,684806,Stavanger
Ann,59,372614,Stavanger
Terje,54,341060,Oslo
Anna,52,442037,Oslo
Terje,36,269463,Oslo
Andreas,16,459351,Stavanger
Bente,49,430787,Trondheim
Tore,47,353361,Stavanger
Ingrid,52,589847,Oslo
John,35,372202,Trondheim
Kjell,51,548001,Trondheim
Ann,41,446759,Stavanger
Camilla,36,415693,Oslo
Øystein,53,410279,Oslo
John,48,479460,Oslo
Trond,55,629258,Stavanger
Anne,31,556111,Oslo
Marit,39,620831,Stavanger
Kari,53,262000,Stavanger
Bjørn,29,403507,Trondheim
Kristin,48,529394,Stavanger
Terje,60,357845,Stavanger
Else,46,609128,Bergen
Espen,37,411347,Trondheim
Bente,32,440275,Bergen
Thomas,43,556932,Bergen
Astrid,33,498205,Oslo
Henrik,49,442800,Stavanger
Rune,53,346108,Oslo
Hanne,39,616596,Oslo
Anna,57,559035,Oslo
Liv,55,567341,Stavanger
Marius,44,613366,Bergen
Øystein,48,448037,Oslo
Nina,32,532106,Stavanger
Tove,49,474718,Bergen
Kristian,59,609483,Trondheim
Kristine,26,598732,Oslo
Monica,56,493456,Stavanger
Kristine,26,237520,Oslo
Solveig,26,493216,Oslo
Olav,33,594794,Bergen
Jan,35,372982,Oslo
Hans,61,270505,Oslo
Erik,33,417501,Trondheim
Ole,49,515781,Stavanger
Thomas,58,376338,Stavanger
Stine,54,483088,Oslo
Mona,42,265109,Stavanger
Anita,33,325255,Stavanger
Ida,25,388922,Oslo
Terje,40,301025,Oslo
Frode,46,527226,Stavanger
Randi,53,214531,Oslo
Hege,61,418974,Oslo
Randi,52,483356,Stavanger
Eirik,19,444927,Oslo
Anne,49,505876,Stavanger
Ida,45,300436,Stavanger
Thomas,38,495251,Stavanger
Maria,40,340625,Stavanger
Stine,39,300196,Trondheim
Kjell,52,445639,Oslo
Ragnhild,35,460852,Stavanger
Randi,49,479835,Stavanger
Steinar,46,311225,Trondheim
Kari,54,327269,Oslo
Tove,55,679342,Stavanger
Heidi,59,530878,Stavanger
Tom,44,424903,Oslo
Ellen,43,588885,Stavanger
Bente,43,346753,Stavanger
Anders,43,183822,Oslo
Mari,32,363550,Stavanger
Tom,45,553468,Oslo
Bjørn,54,429936,Oslo
Kari,33,403258,Oslo
Arne,64,239822,Oslo
Magnus,49,401082,Bergen
Liv,46,465432,Oslo
Gunnar,42,455933,Stavanger
Lars,37,415708,Oslo
Øystein,37,481082,Bergen
Kristian,55,461386,Oslo
Thomas,43,385554,Stavanger
Turid,44,342144,Oslo
Kari,46,321112,Trondheim
Anne,53,655258,Oslo
Håkon,32,386573,Stavanger
Hans,42,417422,Stavanger
Håkon,43,476114,Oslo
Espen,42,471084,Trondheim
Kjell,63,492250,Stavanger
Marianne,50,422002,Oslo
Stian,35,294964,Trondheim
Christian,35,448392,Trondheim
Kristine,44,353080,Trondheim
Else,34,312520,Stavanger
Eirik,35,687431,Trondheim
Ragnhild,37,499114,Oslo
Tor,50,420523,Stavanger
Odd,46,451358,Stavanger
Fredrik,59,488577,Stavanger
Jon,50,533306,Oslo
Heidi,34,559041,Stavanger
Laila,35,437208,Stavanger
Per,40,617220,Trondheim
Tone,36,364014,Stavanger
Odd,46,431010,Oslo
Leif,56,371668,Stavanger
Camilla,35,323209,Trondheim
Hege,46,418769,Stavanger
Eirik,44,458521,Stavanger
Marit,51,402589,Stavanger
Bjørg,36,419350,Bergen
Berit,55,390259,Stavanger
Jon,54,425520,Stavanger
Svein,61,335831,Oslo
Emma,21,523703,Stavanger
Helene,47,633355,Oslo
Ole,30,465970,Stavanger
Andreas,47,606495,Stavanger
Ingrid,44,331206,Oslo
Monica,32,278741,Oslo
Morten,37,665082,Stavanger
Berit,50,388700,Stavanger
Bente,50,431913,Trondheim
Erik,47,343207,Oslo
Nina,46,497178,Trondheim
Geir,42,433354,Oslo
Terje,31,623076,Oslo
Monica,49,478655,Oslo
Jon,53,313682,Trondheim
Maria,51,427487,Stavanger
Thomas,34,433199,Stavanger
Frode,65,437150,Trondheim
Rolf,39,340014,Oslo
Heidi,42,510038,Trondheim
Gunnar,37,612202,Trondheim
Knut,60,469699,Oslo
Elin,42,455368,Stavanger
Marianne,45,312289,Trondheim
Jonas,44,396806,Stavanger
Øystein,49,387013,Stavanger
Magnus,56,426157,Oslo
Espen,56,290996,Oslo
Ingrid,21,479748,Bergen
Bente,45,328557,Stavanger
Anita,28,400599,Oslo
Mona,37,650457,Bergen
John,25,484128,Stavanger
Stian,36,422973,Stavanger
Arne,41,494287,Bergen
Espen,51,360158,Oslo
Gunnar,54,613792,Stavanger
Lars,51,269756,Oslo
Henrik,48,280792,Oslo
Kristin,42,537987,Oslo
Hans,48,482404,Oslo
Daniel,39,357256,Bergen
Solveig,50,417304,Stavanger
Arne,55,540342,Stavanger
Kjell,32,546763,Bergen
Gunnar,40,353665,Oslo
Kristian,48,475989,Trondheim
Henrik,48,398170,Stavanger
Wenche,35,371038,Oslo
Harald,68,339743,Stavanger
Thomas,35,504594,Oslo
Leif,33,632454,Trondheim
Julie,37,546145,Trondheim
Tove,49,385296,Oslo
Ida,41,540624,Oslo
Magnus,55,538429,Oslo
Anita,40,655704,Trondheim
Kari,48,543932,Trondheim
Rolf,35,545810,Bergen
Anne,47,560811,Oslo
Andreas,49,388031,Oslo
Erik,29,557149,Stavanger
Steinar,42,541867,Oslo
Harald,50,489194,Oslo
Einar,43,475544,Oslo
Liv,63,449774,Trondheim
Solveig,56,341933,Oslo
Ragnhild,47,474844,Trondheim
Kristin,36,508647,Trondheim
Rune,43,490665,Stavanger
Nils,53,451427,Oslo
Bjørn,45,416366,Trondheim
Julie,45,625693,Oslo
Harald,39,431566,Oslo
Nina,51,557852,Oslo
Karin,56,551643,Stavanger
Marius,36,314947,Oslo
Tore,31,353659,Stavanger
Linda,53,405399,Stavanger
Ellen,26,332139,Stavanger
Jon,33,470658,Trondheim
Ingrid,38,440908,Oslo
Stian,44,491472,Stavanger
Silje,36,500433,Stavanger
Tone,48,444069,Stavanger
Tove,29,426142,Bergen
Jon,42,473264,Oslo
Mari,21,506437,Stavanger
Terje,40,321534,Stavanger
Jan,31,405033,Oslo
Helge,54,420076,Oslo
Tor,58,360403,Trondheim
Arne,35,371049,Stavanger
Nils,50,389273,Oslo
Espen,65,367366,Trondheim
Bente,42,453382,Oslo
Ingrid,29,488277,Stavanger
Leif,36,518996,Stavanger
Henrik,34,329976,Stavanger
Øystein,43,540728,Stavanger
Gerd,55,525701,Oslo
Martin,64,339479,Stavanger
Trond,48,473075,Trondheim
Kristine,45,423711,Bergen
Elisabeth,50,425092,Stavanger
Tove,38,531078,Stavanger
Tone,41,496310,Bergen
Tore,52,520848,Oslo
Liv,37,450292,Stavanger
Tore,43,455621,Stavanger
Tom,58,340345,Trondheim
Erik,39,429019,Trondheim
Gerd,20,520955,Oslo
Svein,57,506722,Oslo
Elisabeth,41,562483,Stavanger
Linda,46,535025,Stavanger
Håkon,62,321056,Trondheim
Eirik,67,496249,Oslo
Geir,48,458356,Oslo
Tom,42,476705,Stavanger
Trond,51,637106,Oslo
Harald,65,397994,Oslo
Astrid,62,519603,Oslo
Fredrik,62,549773,Oslo
Anders,37,403882,Stavanger
Tor,53,442681,Stavanger
Magnus,42,492754,Stavanger
Inger,32,484093,Stavanger
Ingrid,55,434811,Stavanger
Tom,26,414124,Oslo
Tone,43,287907,Trondheim
Jon,48,607045,Trondheim
Christian,46,381819,Oslo
Ingrid,38,321330,Trondheim
Else,52,574608,Oslo
Liv,49,379158,Oslo
Geir,43,441812,Oslo
Mari,48,429192,Trondheim
Gunnar,21,354554,Bergen
Einar,60,484414,Stavanger
Håkon,53,509947,Stavanger
Maria,40,415181,Stavanger
Tove,30,656282,Trondheim
Øyvind,49,298727,Oslo
Tove,43,403980,Trondheim
Rolf,19,449017,Trondheim
Olav,32,453184,Stavanger
Randi,52,405745,Trondheim
Linda,40,457187,Oslo
Bjørg,36,421318,Oslo
Andreas,39,398230,Stavanger
Magnus,55,366651,Stavanger
Nina,40,539072,Trondheim
Marius,57,370398,Trondheim
Tom,33,553425,Stavanger
Rolf,46,667043,Oslo
Tom,27,555934,Stavanger
Eirik,50,321907,Oslo
Bente,37,441790,Stavanger
Kristin,56,406204,Oslo
Jonas,43,456807,Stavanger
Magnus,54,282959,Oslo
Wenche,51,533045,Trondheim
Geir,33,555279,Oslo
Inger,64,403787,Trondheim
Magnus,33,576249,Stavanger
Morten,70,486189,Oslo
Kjell,40,659130,Oslo
Camilla,29,586597,Oslo
Marit,24,613302,Oslo
Jon,27,486063,Stavanger
Eirik,45,440423,Stavanger
Anders,48,412975,Stavanger
Ellen,53,499957,Oslo
Bjørg,56,350716,Bergen
Julie,40,396742,Stavanger
Christian,41,433300,Trondheim
Astrid,34,481535,Bergen
Hege,47,492604,Trondheim
Tore,38,427885,Stavanger
Tor,54,474431,Bergen
Elisabeth,37,293041,Bergen
Leif,30,508165,Bergen
Anita,41,554812,Stavanger
Anna,39,526260,Oslo
Magnus,25,263970,Stavanger
Berit,49,299048,Trondheim
Øyvind,31,376523,Bergen
Julie,50,427107,Trondheim
Marius,47,388928,Stavanger
Øyvind,25,454482,Stavanger
Berit,20,360569,Oslo
Stian,56,178435,Oslo
Per,29,454834,Oslo
Thomas,34,502916,Trondheim
Jonas,35,406903,Oslo
Nils,55,422158,Stavanger
Arne,37,328570,Trondheim
Rune,49,480605,Bergen
Knut,37,335549,Trondheim
Ida,26,442960,Trondheim
Jonas,49,640570,Oslo
Daniel,43,503434,Trondheim
Øyvind,62,423740,Stavanger
Martin,47,409032,Trondheim
Ingrid,26,541971,Stavanger
Bente,48,401667,Oslo
Svein,38,616310,Oslo
Jon,46,427660,Oslo
Christian,30,406135,Bergen
Else,40,346957,Oslo
Einar,42,444861,Stavanger
Elin,27,514101,Trondheim
Geir,47,372143,Oslo
Hilde,29,575456,Oslo
Bjørn,24,647252,Oslo
Gerd,32,500596,Bergen
Silje,54,298858,Trondheim
Hilde,28,556760,Oslo
Rolf,38,360640,Stavanger
Rune,42,530056,Stavanger
Randi,39,280961,Oslo
Håkon,37,685865,Oslo
Mona,47,503033,Oslo
Steinar,37,291649,Trondheim
Håkon,56,322118,Bergen
Else,43,483545,Oslo
Daniel,59,378367,Bergen
Turid,54,552340,Stavanger
Terje,39,446344,Oslo
Bente,33,411327,Oslo
Maria,56,471770,Stavanger
Øystein,33,439162,Bergen
Stian,35,570783,Oslo
Håkon,47,412233,Stavanger
Espen,33,273358,Oslo
Kjell,41,602129,Trondheim
John,49,705427,Stavanger
Marie,55,448083,Bergen
Espen,51,464327,Bergen
Marianne,42,547707,Stavanger
Nina,55,396213,Stavanger
Gerd,32,534097,Stavanger
Stian,27,480265,Stavanger
Nils,30,220186,Stavanger
Geir,45,339270,Stavanger
John,54,585547,Oslo
Anna,36,523919,Bergen
Harald,42,481238,Stavanger
Olav,58,401289,Trondheim
Olav,52,425134,Trondheim
Marianne,56,450666,Oslo
Knut,53,381880,Stavanger
Olav,66,481715,Oslo
Helge,55,461927,Trondheim
Emma,37,426955,Oslo
Randi,28,361651,Stavanger
Anita,48,415150,Oslo
Emma,42,484094,Stavanger
Øyvind,41,360287,Stavanger
Tor,37,462006,Oslo
Karin,47,581969,Trondheim
Bjørg,36,551459,Trondheim
Geir,45,518410,Oslo
Mona,44,515595,Stavanger
Ann,54,398951,Oslo
Inger,48,497174,Stavanger
Silje,68,393815,Stavanger
Helge,53,652913,Oslo
Morten,48,523277,Oslo
Terje,42,466576,Stavanger
Bjørn,50,400503,Oslo
Camilla,68,551319,Stavanger
Aud,42,423008,Oslo
Heidi,43,382192,Oslo
Morten,36,268229,Stavanger
Leif,48,610407,Oslo
Marianne,51,644146,Stavanger
Håkon,42,448608,Oslo
Bjørn,41,560664,Oslo
Eva,35,459304,Trondheim
Jonas,46,344453,Oslo
Stian,32,452634,Bergen
Ole,44,572254,Oslo
Harald,50,468379,Stavanger
Inger,40,554624,Oslo
Tore,45,490338,Oslo
Randi,33,396795,Bergen
Marie,32,329178,Stavanger
Silje,47,394414,Stavanger
Kari,39,426828,Trondheim
Mari,51,397783,Oslo
Elin,53,440886,Bergen
Anita,54,406508,Trondheim
Anita,40,556821,Stavanger
Anne,46,547601,Bergen
John,43,439601,Trondheim
Inger,46,446558,Stavanger
Astrid,34,293997,Stavanger
Ingrid,55,382060,Oslo
Espen,35,443665,Oslo
Astrid,64,477967,Bergen
Kristian,43,508435,Trondheim
Linda,37,457071,Oslo
Stine,50,473839,Stavanger
Bente,35,538158,Oslo
Rune,44,286833,Oslo
Erik,42,691239,Stavanger
Trond,49,243898,Bergen
Mari,22,378047,Trondheim
Rune,48,493908,Bergen
Elin,43,430615,Trondheim
Øystein,46,413592,Trondheim
Ragnhild,51,447732,Oslo
Marius,59,410357,Trondheim
Morten,33,527984,Stavanger
Øystein,73,367177,Oslo
Eirik,28,445082,Stavanger
Helge,51,436351,Oslo
Solveig,46,460309,Oslo
Kristin,52,186943,Trondheim
Liv,41,436744,Bergen
Maria,43,303420,Oslo
Erik,55,283249,Stavanger
Hanne,44,392891,Trondheim
Bjørg,54,273654,Stavanger
Mari,38,613871,Oslo
Olav,46,516386,Bergen
Helge,33,482906,Bergen
Laila,42,303905,Oslo
Håkon,51,413510,Stavanger
Helene,39,395344,Oslo
Rune,47,431279,Oslo
Magnus,35,376834,Oslo
Geir,36,495093,Stavanger
Eirik,52,335570,Oslo
Marianne,43,408377,Oslo
Tore,49,392137,Oslo
Wenche,33,221070,Stavanger
Harald,51,435282,Oslo
Rune,35,523415,Bergen
Geir,39,514007,Stavanger
Camilla,38,433453,Stavanger
Henrik,48,534480,Trondheim
Jan,53,530465,Stavanger
Magnus,48,454807,Oslo
Solveig,49,455793,Stavanger
Ellen,36,321652,Bergen
Svein,32,400940,Stavanger
Wenche,61,459878,Trondheim
Stian,61,353668,Stavanger
Bjørg,44,372480,Trondheim
Gunnar,45,399747,Bergen
Stine,43,266054,Oslo
Anna,39,517745,Stavanger
Laila,39,472290,Trondheim
Ellen,42,579016,Oslo
Kristian,50,374446,Stavanger
Anders,23,405952,Stavanger
Thomas,38,572886,Oslo
Elin,44,414627,Oslo
Espen,32,443583,Oslo
Elisabeth,47,577492,Oslo
Wenche,41,352593,Stavanger
Helge,45,352029,Oslo
Stian,41,431225,Stavanger
Helge,52,534213,Stavanger
Wenche,53,388774,Stavanger
Morten,33,289292,Oslo
Christian,43,448572,Oslo
Martin,45,454525,Bergen
Hanne,40,361782,Oslo
Leif,27,468577,Stavanger
Thomas,47,610074,Trondheim
Svein,50,498825,Trondheim
Ellen,40,608544,Stavanger
Terje,45,455417,Oslo
Rune,53,659466,Oslo
Rune,64,469529,Trondheim
Hilde,40,504743,Stavanger
Silje,39,469959,Stavanger
Tone,49,403281,Oslo
Martin,27,380151,Stavanger
Rune,58,540186,Stavanger
Aud,40,538831,Trondheim
Wenche,33,469644,Bergen
Marit,35,428953,Oslo
Steinar,40,494876,Oslo
Thomas,56,468702,Trondheim
Stine,45,359244,Stavanger
Mona,63,344729,Oslo
Christian,61,463744,Oslo
Aud,46,555037,Stavanger
Leif,42,323481,Oslo
Kjell,67,420505,Trondheim
Marit,42,592861,Oslo
Turid,51,467582,Stavanger
Gerd,49,424272,Stavanger
Monica,63,319625,Oslo
Camilla,41,359429,Stavanger
Stian,52,387912,Stavanger
Bente,46,497699,Oslo
Øyvind,52,475322,Oslo
Inger,38,487832,Oslo
Per,35,381159,Oslo
Odd,38,638229,Oslo
Ellen,46,454237,Trondheim
Camilla,51,541430,Oslo
Lars,45,416429,Trondheim
Liv,49,398878,Oslo
Odd,31,622080,Stavanger
Nina,50,429276,Trondheim
Kristian,59,674007,Stavanger
Kjell,45,381380,Oslo
Morten,36,582658,Stavanger
Arne,40,620867,Oslo
Hans,66,389366,Oslo
Einar,49,267292,Oslo
Nina,27,353117,Stavanger
Leif,33,487211,Stavanger
Eva,41,358933,Bergen
Stine,35,400173,Trondheim
Gunnar,34,277075,Trondheim
Tove,34,551785,Stavanger
Harald,47,427378,Stavanger
Laila,65,420382,Stavanger
Ragnhild,36,234809,Stavanger
Marit,52,385716,Bergen
Randi,39,317293,Stavanger
Stian,36,621053,Bergen
Lars,68,478817,Bergen
Frode,40,314121,Oslo
Anita,29,501505,Bergen
Kjell,45,458881,Oslo
Eirik,50,585998,Oslo
Andreas,30,497780,Trondheim
Bente,41,320037,Oslo
Jan,45,318836,Stavanger
Randi,55,394720,Bergen
Anders,42,291653,Oslo
Elisabeth,32,529957,Stavanger
Hilde,67,563055,Oslo
Tone,35,423854,Stavanger
Helge,38,610090,Stavanger
Øystein,67,390729,Stavanger
Eva,51,465023,Stavanger
Ole,39,416676,Stavanger
Kari,36,304302,Oslo
Magnus,51,450888,Stavanger
Stian,37,576477,Stavanger
Olav,48,581279,Bergen
Mari,62,405969,Bergen
Einar,48,420826,Oslo
Knut,53,456141,Stavanger
Henrik,51,381443,Stavanger
Erik,47,341999,Stavanger
Laila,47,464050,Oslo
Helge,60,381783,Stavanger
Bjørg,53,307944,Trondheim
Ole,41,408276,Oslo
Helene,35,533246,Stavanger
Jon,52,467106,Oslo
Inger,53,384312,Trondheim
Else,57,326965,Stavanger
Gunnar,25,489687,Trondheim
Silje,38,538285,Oslo
Lars,40,510222,Stavanger
Eirik,19,246240,Oslo
Øyvind,45,227369,Oslo
Knut,41,297748,Oslo
Magnus,44,555869,Stavanger
Bjørg,52,374516,Stavanger
Berit,64,430342,Oslo
Ole,38,309320,Oslo
Fredrik,50,463462,Stavanger
Turid,52,614478,Trondheim
Knut,33,601061,Oslo
Magnus,42,617506,Bergen
Kristin,43,535103,Oslo
Mona,59,468278,Stavanger
Geir,40,468661,Oslo
John,43,469503,Stavanger
Rolf,52,542685,Trondheim
Thomas,48,591424,Bergen
Hanne,48,522384,Oslo
Steinar,58,549479,Bergen
Erik,44,436353,Stavanger
Anna,61,391635,Stavanger
Jan,28,485461,Stavanger
Marit,38,464471,Oslo
Per,49,525554,Bergen
Helge,64,580149,Bergen
Erik,41,453968,Oslo
Christian,51,499112,Trondheim
Daniel,51,380967,Stavanger
Stian,46,584457,Stavanger
Maria,34,435747,Trondheim
Emma,61,529705,Oslo
Erik,37,398895,Oslo
Thomas,50,339731,Oslo
Leif,41,502253,Stavanger
Olav,57,376359,Stavanger
Anders,40,386536,Stavanger
Jon,39,473944,Stavanger
Terje,45,415845,Stavanger
Karin,37,433305,Stavanger
Fredrik,51,438795,Stavanger
Trond,50,341286,Bergen
Mona,50,488842,Oslo
Berit,29,242864,Stavanger
Elin,49,465061,Trondheim
Monica,41,508883,Oslo
Ingrid,61,309893,Stavanger
Helge,31,424680,Oslo
Olav,34,205313,Oslo
Harald,48,461352,Stavanger
Kristian,27,371056,Stavanger
Emma,56,373368,Stavanger
Astrid,30,378388,Stavanger
Bente,47,488143,Trondheim
Eva,47,511446,Oslo
Solveig,32,563280,Oslo
Magnus,59,518204,Bergen
Bente,49,288970,Trondheim
Eirik,50,413999,Oslo
Kristine,29,434124,Bergen
Maria,27,400897,Oslo
Daniel,42,633603,Oslo
Anne,43,447657,Stavanger
Eirik,44,380537,Stavanger
Hilde,57,413687,Stavanger
Stian,35,504906,Trondheim
Inger,61,296216,Stavanger
Liv,39,564491,Stavanger
Ragnhild,43,558043,Stavanger
Marianne,29,531630,Oslo
Anders,44,473637,Trondheim
Kristian,35,465589,Oslo
Stian,45,658461,Oslo
Ingrid,42,347550,Trondheim
Monica,46,440879,Oslo
Linda,46,515036,Trondheim
Steinar,35,571060,Oslo
Harald,31,367404,Trondheim
Maria,35,454848,Stavanger
Ellen,41,492628,Stavanger
Ole,43,500780,Stavanger
Randi,37,315517,Stavanger
Bente,60,607044,Oslo
Tove,53,352385,Oslo
Solveig,46,538831,Trondheim
Hege,40,331796,Oslo
Silje,54,641045,Oslo
Monica,37,604665,Stavanger
Solveig,51,327346,Trondheim
Fredrik,42,588373,Stavanger
Elisabeth,32,432241,Trondheim
Stian,45,371001,Stavanger
Maria,55,537569,Stavanger
Hilde,57,580488,Oslo
Frode,35,652707,Stavanger
Per,46,543120,Bergen
Kristine,32,441151,Stavanger
Ida,56,462165,Trondheim
John,46,533522,Bergen
Mona,39,543252,Oslo
Ingrid,47,390314,Oslo
Arne,71,506980,Stavanger
Bente,31,456746,Stavanger
Kristin,48,338329,Stavanger
Wenche,46,463947,Trondheim
Elisabeth,40,430420,Oslo
Tom,51,540420,Oslo
Liv,50,401739,Oslo
Kristian,37,394387,Trondheim
Emma,34,589073,Stavanger
Jan,54,329183,Oslo
Eva,53,305091,Stavanger
Maria,51,317804,Stavanger
Monica,48,527683,Trondheim
Frode,43,507874,Trondheim
Håkon,43,432574,Stavanger
Olav,45,381885,Oslo
Olav,33,434570,Oslo
Einar,47,482290,Oslo
Stine,48,590527,Trondheim
Julie,42,399547,Stavanger
Andreas,41,296704,Oslo
Marius,46,529278,Trondheim
Tor,53,550344,Oslo
Tore,46,458354,Stavanger
Astrid,35,366047,Stavanger
Leif,38,545804,Stavanger
Aud,45,546685,Stavanger
Knut,53,531598,Stavanger
Mona,55,537761,Oslo
Hege,47,385792,Stavanger
Anna,53,477630,Stavanger
Marius,55,438768,Stavanger
Kristine,44,453058,Oslo
Eva,39,440762,Stavanger
Kristian,37,385310,Oslo
Daniel,53,559272,Trondheim
Astrid,50,440330,Stavanger
Kristin,59,479696,Stavanger
John,35,354519,Stavanger
Espen,54,361335,Trondheim
Frode,30,499002,Oslo
Øyvind,22,513263,Trondheim
Kristine,46,507384,Oslo
Rune,40,421792,Stavanger
Tore,40,323949,Oslo
Eva,40,289236,Bergen
Frode,42,536341,Stavanger
Ida,50,528276,Bergen
Olav,49,332776,Oslo
Tom,32,450231,Bergen
Rune,29,545481,Oslo
Jon,43,500064,Trondheim
Øystein,38,488897,Stavanger
Emma,52,478429,Stavanger
Martin,38,451290,Stavanger
Stine,43,471832,Oslo
Øyvind,36,500144,Bergen
Hans,46,352361,Oslo
Hilde,39,477039,Oslo
Silje,47,450042,Trondheim
Randi,32,396351,Stavanger
Kristian,50,524559,Oslo
Monica,55,556609,Bergen
Rune,37,580765,Oslo
Linda,49,411501,Oslo
Einar,54,450721,Oslo
Nina,27,634408,Stavanger
Trond,53,371561,Stavanger
Kari,56,373578,Trondheim
Solveig,32,666168,Stavanger
Ida,31,518428,Stavanger
John,53,443733,Oslo
Silje,52,322077,Trondheim
Lars,26,485238,Stavanger
Maria,64,653087,Stavanger
John,46,427514,Trondheim
Rolf,14,382561,Oslo
Øystein,50,403136,Oslo
Leif,35,420659,Stavanger
Mari,38,652529,Trondheim
Svein,52,317695,Stavanger
Rolf,45,744521,Stavanger
Ingrid,41,540718,Stavanger
Einar,52,671589,Oslo
Elin,34,498832,Stavanger
Turid,47,458576,Stavanger
Stian,37,530245,Stavanger
Laila,48,394801,Oslo
Martin,36,602709,Stavanger
Karin,35,324523,Trondheim
Wenche,40,479190,Stavanger
Mari,51,497334,Stavanger
Lars,40,488132,Stavanger
Kristian,48,528266,Stavanger
Mari,40,589192,Oslo
Kari,38,566001,Bergen
Karin,37,360181,Stavanger
Håkon,40,400334,Stavanger
Rune,32,292750,Trondheim
Christian,42,409224,Oslo
Arne,53,382265,Stavanger
Anna,37,380401,Stavanger
Elisabeth,51,327260,Oslo
Aud,35,509042,Stavanger
Anna,54,483288,Oslo
Ann,59,478798,Oslo
Camilla,40,394484,Stavanger
Martin,48,420993,Trondheim
Marianne,48,486786,Trondheim
Linda,52,322785,Trondheim
Maria,31,319501,Bergen
Mona,39,444525,Stavanger
Randi,50,460652,Stavanger
Leif,50,539869,Oslo
Solveig,34,381748,Oslo
Tom,45,388161,Trondheim
Liv,44,472409,Trondheim
Heidi,42,489866,Stavanger
Marianne,49,356954,Stavanger
Arne,43,539838,Bergen
John,45,470436,Oslo
Lars,44,459369,Bergen
Nils,39,354562,Stavanger
Mari,55,576744,Oslo
Julie,47,363098,Stavanger
Anne,48,488192,Stavanger
Anders,44,385271,Oslo
Marianne,21,204362,Oslo
Kristin,38,618135,Bergen
Mari,45,568325,Stavanger
Bjørg,44,566240,Stavanger
Astrid,53,343084,Oslo
Tor,43,448023,Bergen
Tore,60,473861,Stavanger
Erik,52,405423,Bergen
Heidi,29,424548,Stavanger
Linda,56,376259,Trondheim
Arne,23,326178,Stavanger
Wenche,52,510230,Bergen
Bjørn,47,484248,Trondheim
Ingrid,50,553614,Bergen
Ann,47,418941,Trondheim
Tor,16,459775,Oslo
Ida,29,321915,Stavanger
Daniel,37,413956,Oslo
Ragnhild,48,516330,Stavanger
Einar,47,546258,Stavanger
Mari,36,279272,Stavanger
Daniel,46,295072,Oslo
Randi,55,354150,Stavanger
Anita,29,505187,Oslo
Gunnar,60,578736,Stavanger
Terje,45,415642,Oslo
Monica,73,421550,Trondheim
Kristine,44,425841,Trondheim
Erik,57,581188,Bergen
Marianne,44,157353,Trondheim
Eva,50,246344,Stavanger
Mona,39,492199,Oslo
Leif,45,467479,Bergen
Liv,46,422833,Oslo
Olav,38,670093,Bergen
Anne,36,420908,Oslo
Tore,54,391597,Bergen
Øyvind,29,286870,Stavanger
Morten,40,392783,Oslo
Tove,52,477961,Bergen
Marie,73,419078,Bergen
Anna,57,278016,Stavanger
Astrid,55,280727,Oslo
Hege,45,309122,Oslo
Anders,43,396893,Oslo
Karin,63,391926,Stavanger
Morten,34,580306,Oslo
Øyvind,66,300018,Stavanger
John,45,485880,Bergen
Astrid,48,490117,Oslo
Hege,44,281664,Bergen
Lars,44,319605,Stavanger
Mari,48,458071,Stavanger
Karin,63,443303,Oslo
Elisabeth,35,402367,Oslo
Ann,47,466610,Trondheim
Einar,46,437652,Oslo
Maria,44,608477,Bergen
Liv,46,329061,Trondheim
Solveig,44,429666,Trondheim
Magnus,37,622155,Trondheim
Liv,56,487141,Oslo
Mari,60,431119,Trondheim
Lars,54,545511,Oslo
Kristin,15,449542,Oslo
Øystein,42,454722,Oslo
Berit,54,618778,Stavanger
Trond,32,414058,Stavanger
Tove,61,423908,Oslo
Olav,47,531361,Trondheim
Einar,39,516794,Stavanger
John,51,447011,Oslo
Marianne,41,557880,Oslo
Kristine,46,386292,Oslo
Hans,40,605458,Oslo
Marianne,59,452029,Oslo
Mona,49,543610,Trondheim
Aud,54,485477,Oslo
Marit,43,495093,Oslo
Anders,55,500530,Bergen
Anna,40,424423,Trondheim
Bjørg,45,327521,Trondheim
Steinar,53,542881,Oslo
Odd,39,434628,Trondheim
Magnus,46,358558,Bergen
Silje,50,437195,Stavanger
Stine,39,213245,Trondheim
Tor,41,498665,Trondheim
Silje,37,639525,Stavanger
Steinar,36,543606,Oslo
Ann,68,390962,Oslo
Liv,29,506067,Oslo
Steinar,46,519872,Trondheim
Terje,52,439830,Oslo
Hege,47,390440,Stavanger
Øystein,43,418564,Oslo
Einar,50,478133,Oslo
Kjell,62,654412,Oslo
Lars,65,544770,Stavanger
Tom,47,550449,Oslo
Hege,39,535417,Stavanger
Aud,48,464655,Stavanger
Stine,58,484110,Trondheim
Eva,33,668963,Oslo
Hege,39,178815,Stavanger
Steinar,50,516744,Oslo
Olav,38,474075,Stavanger
Bjørg,44,463864,Stavanger
Øyvind,52,520036,Trondheim
Jon,49,479332,Oslo
Øyvind,36,437781,Stavanger
John,57,408813,Oslo
Kristine,41,548425,Oslo
Daniel,54,514130,Stavanger
Christian,49,496790,Stavanger
Linda,46,412724,Oslo
Bjørn,47,411644,Stavanger
Mari,35,413951,Oslo
Maria,34,391451,Stavanger
Tove,48,480846,Oslo
Bente,49,603604,Bergen
Monica,38,328677,Stavanger
Kristin,46,664623,Oslo
Else,35,294989,Oslo
Hilde,44,438314,Trondheim
Emma,62,435444,Stavanger
Stine,48,369484,Stavanger
Maria,48,352632,Bergen
Marit,35,412828,Oslo
Trond,53,295509,Oslo
Kristine,31,320208,Trondheim
Hanne,56,318444,Stavanger
Morten,37,542175,Stavanger
Liv,43,361835,Trondheim
Helene,33,596783,Stavanger
Eva,42,590892,Oslo
Turid,46,463999,Trondheim
Ragnhild,42,549493,Oslo
Anita,35,396078,Bergen
Heidi,44,674301,Bergen
Silje,44,426260,Trondheim
Elisabeth,62,454361,Bergen
Tore,42,468534,Stavanger
Marianne,47,537420,Trondheim
Espen,44,547066,Stavanger
Trond,62,612398,Stavanger
Øyvind,63,589083,Oslo
Eirik,45,570368,Oslo
Anita,29,487924,Trondheim
Kristian,38,543930,Trondheim
Morten,51,445858,Oslo
Kristine,34,252395,Bergen
Maria,45,610468,Bergen
Ann,34,431904,Stavanger
Einar,53,266294,Stavanger
Laila,40,220935,Stavanger
Ida,63,571144,Stavanger
Ragnhild,52,454679,Stavanger
Daniel,24,560314,Oslo
Mona,42,584693,Stavanger
Trond,24,411822,Stavanger
Elin,38,405030,Trondheim
Terje,47,280088,Oslo
Jonas,57,383351,Stavanger
Fredrik,31,420591,Oslo
Henrik,40,382489,Bergen
Arne,39,371398,Stavanger
Bente,30,460050,Trondheim
Heidi,51,440758,Bergen
Tom,50,502917,Bergen
Daniel,27,495846,Oslo
Magnus,44,403021,Stavanger
Linda,46,447481,Oslo
Kristin,47,458519,Trondheim
Karin,49,308466,Stavanger
Ingrid,34,395633,Oslo
Ole,44,306164,Stavanger
Monica,42,375623,Stavanger
Hanne,41,485134,Trondheim
Anna,44,306909,Oslo
Aud,62,589915,Bergen
Gerd,55,562411,Bergen
Nina,50,642043,Trondheim
Rune,41,434240,Oslo
Nils,34,556048,Stavanger
Mona,30,660911,Oslo
Nils,50,365035,Oslo
Harald,40,336679,Stavanger
Stian,48,534385,Stavanger
Marie,51,385694,Oslo
Christian,37,309060,Oslo
Marie,46,562108,Bergen
Jan,60,429293,Stavanger
Svein,60,342175,Oslo
Per,43,322601,Oslo
Anna,26,344302,Stavanger
Else,51,386183,Oslo
Elin,21,517918,Trondheim
Randi,46,328436,Oslo
Berit,61,433034,Trondheim
Stine,53,300863,Stavanger
Ole,38,472722,Trondheim
Lars,43,656975,Stavanger
Berit,40,448621,Trondheim
Trond,27,503663,Oslo
Morten,56,471642,Trondheim
Turid,48,479048,Stavanger
Leif,33,307616,Stavanger
Håkon,42,461593,Oslo
Odd,27,433684,Trondheim
John,50,390593,Trondheim
Kjell,58,566810,Stavanger
Mari,48,326566,Stavanger
Camilla,35,457365,Trondheim
Odd,54,432101,Oslo
Svein,62,326635,Oslo
Henrik,55,313962,Trondheim
Anne,27,426723,Trondheim
Odd,40,486254,Oslo
Wenche,37,368564,Trondheim
Randi,38,364426,Trondheim
Øystein,54,355986,Trondheim
Svein,30,378997,Stavanger
Ida,41,359811,Stavanger
Emma,51,339754,Stavanger
Hilde,40,426435,Trondheim
Knut,19,472022,Trondheim
Helge,36,381123,Trondheim
Kjell,27,449769,Stavanger
Ellen,59,280329,Oslo
Stian,44,557832,Stavanger
Silje,31,335229,Stavanger
Per,29,380454,Stavanger
Solveig,37,592003,Bergen
Christian,34,584909,Oslo
